Category,Sub-Category,Item Name,Diet Type
Non-Veg Appetizers,Chicken Snacks,Achari Murg Tikka,Non-Veg
Non-Veg Appetizers,Chicken Snacks,Amritsari Chicken,Non-Veg
Non-Veg Appetizers,Chicken Snacks,Bar-Be-Que Chicken,Non-Veg
Non-Veg Appetizers,Chicken Snacks,Chicken 65,Non-Veg
Non-Veg Appetizers,Chicken Snacks,Chicken Afghani,Non-Veg
Non-Veg Appetizers,Chicken Snacks,Chicken Drumsticks,Non-Veg
Non-Veg Appetizers,Chicken Snacks,Chicken Harialyali Tikka,Non-Veg
Non-Veg Appetizers,Chicken Snacks,Chicken Lollypops,Non-Veg
Non-Veg Appetizers,Chicken Snacks,Chicken Majestic,Non-Veg
Non-Veg Appetizers,Chicken Snacks,Chicken Malai Tikka,Non-Veg
Non-Veg Appetizers,Chicken Snacks,Chicken Manchurian,Non-Veg
Non-Veg Appetizers,Chicken Snacks,Chicken Mogali,Non-Veg
Non-Veg Appetizers,Chicken Snacks,Chicken Pakodi,Non-Veg
Non-Veg Appetizers,Chicken Snacks,Chicken Sauté,Non-Veg
Non-Veg Appetizers,Chicken Snacks,Chicken Shashlik,Non-Veg
Non-Veg Appetizers,Chicken Snacks,Chicken Small Fingers,Non-Veg
Non-Veg Appetizers,Chicken Snacks,Chicken Springli,Non-Veg
Non-Veg Appetizers,Chicken Snacks,Chicken Tandoori Kabab,Non-Veg
Non-Veg Appetizers,Chicken Snacks,Chicken Wings,Non-Veg
Non-Veg Appetizers,Chicken Snacks,Chilli Chicken,Non-Veg
Non-Veg Appetizers,Chicken Snacks,Drums Of Heaven,Non-Veg
Non-Veg Appetizers,Chicken Snacks,Fried Chicken,Non-Veg
Non-Veg Appetizers,Chicken Snacks,Fried Corn Chicken,Non-Veg
Non-Veg Appetizers,Chicken Snacks,Ginger Chicken,Non-Veg
Non-Veg Appetizers,Chicken Snacks,Grilled Chicken,Non-Veg
Non-Veg Appetizers,Chicken Snacks,Lemon Chicken,Non-Veg
Non-Veg Appetizers,Chicken Snacks,Murg Gulafi Tikka,Non-Veg
Non-Veg Appetizers,Chicken Snacks,Pepper Chicken,Non-Veg
Non-Veg Appetizers,Chicken Snacks,Reshmi Chicken,Non-Veg
Non-Veg Appetizers,Chicken Snacks,Spicy Chicken,Non-Veg
Non-Veg Appetizers,Mutton Snacks,Ginara Mutton Sheek,Non-Veg
Non-Veg Appetizers,Mutton Snacks,Mutton Boti Kabab,Non-Veg
Non-Veg Appetizers,Mutton Snacks,Mutton Chops,Non-Veg
Non-Veg Appetizers,Mutton Snacks,Mutton Keema Balls,Non-Veg
Non-Veg Appetizers,Mutton Snacks,Mutton Shami Kabab,Non-Veg
Non-Veg Appetizers,Mutton Snacks,Mutton Sheek Kabab,Non-Veg
Non-Veg Appetizers,Mutton Snacks,Pattar Ka Gosh,Non-Veg
Non-Veg Appetizers,Mutton Snacks,Pepper Mutton,Non-Veg
Non-Veg Appetizers,Sea Food Snacks,Apollo Fish,Non-Veg
Non-Veg Appetizers,Sea Food Snacks,Chilli Garlic Prawns,Non-Veg
Non-Veg Appetizers,Sea Food Snacks,Crab Keema Balls,Non-Veg
Non-Veg Appetizers,Sea Food Snacks,Crispy Chilli Fish,Non-Veg
Non-Veg Appetizers,Sea Food Snacks,Fired Fish,Non-Veg
Non-Veg Appetizers,Sea Food Snacks,Fish Amritsari Tikka,Non-Veg
Non-Veg Appetizers,Sea Food Snacks,Fish Bullets,Non-Veg
Non-Veg Appetizers,Sea Food Snacks,Fish Fingers,Non-Veg
Non-Veg Appetizers,Sea Food Snacks,Fish Lal Mirchi Tikka,Non-Veg
Non-Veg Appetizers,Sea Food Snacks,Fish Pomfret,Non-Veg
Non-Veg Appetizers,Sea Food Snacks,Golden Fired Prawns,Non-Veg
Non-Veg Appetizers,Sea Food Snacks,Grilled Prawns,Non-Veg
Non-Veg Appetizers,Sea Food Snacks,Lady Fish Fingers,Non-Veg
Non-Veg Appetizers,Sea Food Snacks,Loose Prawns,Non-Veg
Non-Veg Appetizers,Sea Food Snacks,Pepper Fish,Non-Veg
Non-Veg Appetizers,Sea Food Snacks,Prawns Pakodi,Non-Veg
Non-Veg Appetizers,Sea Food Snacks,Spicy Fish Fry,Non-Veg
Non-Veg Appetizers,Sea Food Snacks,Stuffed Crab,Non-Veg
Non-Veg Appetizers,Sea Food Snacks,Tawa Fish,Non-Veg
Non-Veg Main Course,Biryani,Andhra Fish Biryani,Non-Veg
Non-Veg Main Course,Biryani,Bilal Mutton Biryani,Non-Veg
Non-Veg Main Course,Biryani,Bilal Prawn Biryani,Non-Veg
Non-Veg Main Course,Biryani,Chettinadu Chicken Dum Biryani,Non-Veg
Non-Veg Main Course,Biryani,Chettinadu Mutton Dum Biryani,Non-Veg
Non-Veg Main Course,Biryani,Chicken Fry Piece Biryani,Non-Veg
Non-Veg Main Course,Biryani,Chicken Ulavacharu Dum Biryani,Non-Veg
Non-Veg Main Course,Biryani,Hyderabadi Chicken Dum Biryani,Non-Veg
Non-Veg Main Course,Biryani,Hyderabadi Mugalai Mutton Biryani,Non-Veg
Non-Veg Main Course,Biryani,Vijawada Style Chicken Biryani,Non-Veg
Non-Veg Main Course,Chicken Curries,Andhra Chicken Curry,Non-Veg
Non-Veg Main Course,Chicken Curries,Arakodi Fry,Non-Veg
Non-Veg Main Course,Chicken Curries,Boneless Chicken Curry,Non-Veg
Non-Veg Main Course,Chicken Curries,Butter Chicken Curry,Non-Veg
Non-Veg Main Course,Chicken Curries,Chicken Chintachiguru,Non-Veg
Non-Veg Main Course,Chicken Curries,Chicken Do Pyaza,Non-Veg
Non-Veg Main Course,Chicken Curries,Chicken Fry,Non-Veg
Non-Veg Main Course,Chicken Curries,Chicken Iguru,Non-Veg
Non-Veg Main Course,Chicken Curries,Chicken Liver Fry,Non-Veg
Non-Veg Main Course,Chicken Curries,Chicken Mirayala Vepudu,Non-Veg
Non-Veg Main Course,Chicken Curries,Chicken Sagwala Curry,Non-Veg
Non-Veg Main Course,Chicken Curries,Dum Ka Chicken,Non-Veg
Non-Veg Main Course,Chicken Curries,Ginger Chicken Masala,Non-Veg
Non-Veg Main Course,Chicken Curries,Kadai Chicken,Non-Veg
Non-Veg Main Course,Chicken Curries,Mogali Chicken Curry,Non-Veg
Non-Veg Main Course,Chicken Curries,Natukodi Iguru,Non-Veg
Non-Veg Main Course,Chicken Curries,Natukodi Pulusu,Non-Veg
Non-Veg Main Course,Chicken Curries,Palak Chicken Curry,Non-Veg
Non-Veg Main Course,Chicken Curries,Spicy Chicken Kurma,Non-Veg
Non-Veg Main Course,Mutton Curries,Achari Mutton,Non-Veg
Non-Veg Main Course,Mutton Curries,Dum Ka Mutton,Non-Veg
Non-Veg Main Course,Mutton Curries,Mutton Chintachiguru,Non-Veg
Non-Veg Main Course,Mutton Curries,Mutton Chops Masala,Non-Veg
Non-Veg Main Course,Mutton Curries,Mutton Curry,Non-Veg
Non-Veg Main Course,Mutton Curries,Mutton Dosakaya,Non-Veg
Non-Veg Main Course,Mutton Curries,Mutton Gongura,Non-Veg
Non-Veg Main Course,Mutton Curries,Mutton Iguru,Non-Veg
Non-Veg Main Course,Mutton Curries,Mutton Keema Iguru,Non-Veg
Non-Veg Main Course,Mutton Curries,Mutton Liver Fry,Non-Veg
Non-Veg Main Course,Mutton Curries,Mutton Mango,Non-Veg
Non-Veg Main Course,Mutton Curries,Mutton Mulakaya,Non-Veg
Non-Veg Main Course,Mutton Curries,Mutton Rogan Josh,Non-Veg
Non-Veg Main Course,Mutton Curries,Mutton Shahi Kurma,Non-Veg
Non-Veg Main Course,Mutton Curries,Mutton Spicy Kurma,Non-Veg
Non-Veg Main Course,Mutton Curries,Palak Mutton,Non-Veg
Non-Veg Main Course,Sea Food Curries,Bommidyala Iguru,Non-Veg
Non-Veg Main Course,Sea Food Curries,Bommidyala Pulusu,Non-Veg
Non-Veg Main Course,Sea Food Curries,Chintachiguru Prawns,Non-Veg
Non-Veg Main Course,Sea Food Curries,Dosakaya Nethhalau,Non-Veg
Non-Veg Main Course,Sea Food Curries,Koramenu Chapala Pulusu,Non-Veg
Non-Veg Main Course,Sea Food Curries,Koramenu Fry (With Bone),Non-Veg
Non-Veg Main Course,Sea Food Curries,Koramenu Iguru,Non-Veg
Non-Veg Main Course,Sea Food Curries,Mango Chapala Pulusu,Non-Veg
Non-Veg Main Course,Sea Food Curries,Nellore Chapala Pulusu,Non-Veg
Non-Veg Main Course,Sea Food Curries,Pandugappa Fry,Non-Veg
Non-Veg Main Course,Sea Food Curries,Peethala Iguru,Non-Veg
Non-Veg Main Course,Sea Food Curries,Peethala Pulusu,Non-Veg
Non-Veg Main Course,Sea Food Curries,Prawns Curry,Non-Veg
Non-Veg Main Course,Sea Food Curries,Prawns Fry,Non-Veg
Non-Veg Main Course,Sea Food Curries,Prawns Kobbari Iguru,Non-Veg
Non-Veg Main Course,Sea Food Curries,Sorachapa Porutu,Non-Veg
Non-Veg Main Course,Sea Food Curries,Stuffed Crab Iguru,Non-Veg
Regional Cuisine,Chettinad Delicacies,Katrikaya Kolambu,Non-Veg
Regional Cuisine,Chettinad Delicacies,Kattarikaya Kolambu,Non-Veg
Regional Cuisine,Rayalaseema Ruchulu,Guttivankai Kolambu,Non-Veg
Snacks,Tapas - Hot,Bbq Chicken Nachos,Non-Veg
Snacks,Tapas - Hot,Chicken Bruchettes On Garlic Bread,Non-Veg
Snacks,Tapas - Hot,Chicken Corden Blu,Non-Veg
Snacks,Tapas - Hot,Chicken Enchiladas,Non-Veg
Snacks,Tapas - Hot,Chicken Fajita In Corn Wrap,Non-Veg
Snacks,Tapas - Hot,Chicken Fajita In Samoli,Non-Veg
Snacks,Tapas - Hot,Chicken Liver Dill Canapes,Non-Veg
Snacks,Tapas - Hot,Chicken Sasauge Chz Rostini,Non-Veg
Snacks,Tapas - Hot,Chicken Tomato Quesadilla,Non-Veg
Snacks,Tapas - Hot,Egg Cheese Crostini,Non-Veg
Snacks,Tapas - Hot,Fish Enchiladas,Non-Veg
Snacks,Tapas - Hot,Grilled Chicken Bruchettes,Non-Veg
Snacks,Tapas - Hot,Grilled Prawns Crunchy Dill Tacos,Non-Veg
Snacks,Tapas - Hot,Mustard Fish Stuffed Tacos,Non-Veg
Snacks,Tapas - Hot,Rosemary Grill Fish With Nachos,Non-Veg
Snacks,Tapas - Hot,Spicy Chicken Tacos,Non-Veg
Accompaniments,Curd Items,Curd In Pot,Veg
Accompaniments,Curd Items,Curd Rice,Veg
Accompaniments,Curd Items,Curd Semiya,Veg
Accompaniments,Fryums/Papads,Appadam Poolu,Veg
Accompaniments,Fryums/Papads,Long Papad,Veg
Accompaniments,Fryums/Papads,Mini Mirayala Papad,Veg
Accompaniments,Grinded Chutnies,Beerakaya Dondakai,Veg
Accompaniments,Grinded Chutnies,"Beerakaya, Dondakai",Veg
Accompaniments,Grinded Chutnies,Bottle Gourd (Soorakaya),Veg
Accompaniments,Grinded Chutnies,Brinjal Tomato Cucumber,Veg
Accompaniments,Grinded Chutnies,"Brinjal, Tomato, Cucumber",Veg
Accompaniments,Grinded Chutnies,Cabbage Pachadi,Veg
Accompaniments,Grinded Chutnies,Chukkara Verusenga Pachadi,Veg
Accompaniments,Grinded Chutnies,Dondakai Pachadi,Veg
Accompaniments,Grinded Chutnies,Dosakya Mukkala Chutney,Veg
Accompaniments,Grinded Chutnies,Gongura Onion,Veg
Accompaniments,Grinded Chutnies,Green Chilli & Apple Pachadi,Veg
Accompaniments,Grinded Chutnies,Kandi Pachadi,Veg
Accompaniments,Grinded Chutnies,Kobbari Chintakaya Pachadi,Veg
Accompaniments,Grinded Chutnies,Mamidikaya Chintakaya Pachadi,Veg
Accompaniments,Grinded Chutnies,Mango Thurumu,Veg
Accompaniments,Grinded Chutnies,Pachi Jamakaya Chutney,Veg
Accompaniments,Grinded Chutnies,Pachi Tomato Chutney,Veg
Accompaniments,Pickles,Aam Aur Chana Achar,Veg
Accompaniments,Pickles,Carrot,Veg
Accompaniments,Pickles,Cauliflower,Veg
Accompaniments,Pickles,Chikkudukaya,Veg
Accompaniments,Pickles,Chow Chow,Veg
Accompaniments,Pickles,Dosakya Avakai,Veg
Accompaniments,Pickles,Garlic Cashew Full Nuts,Veg
Accompaniments,Pickles,"Garlic, Cashew Full Nuts",Veg
Accompaniments,Pickles,Gongura Pandumirchi,Veg
Accompaniments,Pickles,Green Apple Pickle,Veg
Accompaniments,Pickles,Kakarakai,Veg
Accompaniments,Pickles,Karivepaku,Veg
Accompaniments,Pickles,Kotta Avakai,Veg
Accompaniments,Pickles,Kottimeera,Veg
Accompaniments,Pickles,Lemon,Veg
Accompaniments,Pickles,Madras Onion,Veg
Accompaniments,Pickles,Mango,Veg
Accompaniments,Pickles,Mixed Veg,Veg
Accompaniments,Pickles,Raw Papaya,Veg
Accompaniments,Pickles,Tomato,Veg
Accompaniments,Powders,Coconut Sanaga Kaaram,Veg
Accompaniments,Powders,Kandi,Veg
Accompaniments,Powders,Nalla Karam,Veg
Accompaniments,Powders,Nuvvlu,Veg
Accompaniments,Powders,Velluli,Veg
Accompaniments,Raitha,Aloo Raitha,Veg
Accompaniments,Raitha,Boondi Raitha,Veg
Accompaniments,Raitha,Cucumber Raitha,Veg
Accompaniments,Raitha,Mix Veg. Raitha,Veg
Accompaniments,Raitha,Onion Raitha,Veg
Accompaniments,Raitha,Pineapple Raitha,Veg
Accompaniments,Standard Items,Beetroot Rasam,Veg
Accompaniments,Standard Items,Chintapandu Charu,Veg
Accompaniments,Standard Items,Madras Onion Sambar,Veg
Accompaniments,Standard Items,Menthi Majjiga,Veg
Accompaniments,Standard Items,Menthi Majjiga With Veg,Veg
Accompaniments,Standard Items,Mix-Veg-Sambar,Veg
Accompaniments,Standard Items,Mulakada Sambar,Veg
Accompaniments,Standard Items,Mysore Rasam,Veg
Accompaniments,Standard Items,Nethi Talimpu,Veg
Accompaniments,Standard Items,Orugallu Pachipulusu,Veg
Accompaniments,Standard Items,Pappu Charu,Veg
Accompaniments,Standard Items,Patchipulusu,Veg
Accompaniments,Standard Items,Pepper Rasam,Veg
Accompaniments,Standard Items,Pesara Pappu Charu,Veg
Accompaniments,Standard Items,Pesara Pappu Charu Nethi Talimpus Sambar,Veg
Accompaniments,Standard Items,Pine Apple Rasam,Veg
Accompaniments,Standard Items,Tomato Qut,Veg
Accompaniments,Standard Items,Tomato Rasam,Veg
Accompaniments,Standard Items,Ulavacharu + Cream,Veg
Accompaniments,Standard Items,Vankai Patchipulusu,Veg
Accompaniments,Vadiums,Gummadi Vadiyalu,Veg
Accompaniments,Vadiums,Minapa Vadiyalu,Veg
Accompaniments,Vadiums,Pindi Vadiyalu,Veg
Accompaniments,Vadiums,Saggubiyam Vadiyalu,Veg
Accompaniments,Vadiums,Vamu Mirchi,Veg
Accompaniments,Vadiums,Voora Mirapakayalu,Veg
Appetizers,Dips & Spreads,Cocktail Sauce,Veg
Appetizers,Dips & Spreads,Garlic Cheese Spread,Veg
Appetizers,Dips & Spreads,Garlic Mayo,Veg
Appetizers,Dips & Spreads,Hot Garlic Sauce,Veg
Appetizers,Dips & Spreads,Hummus,Veg
Appetizers,Dips & Spreads,Labnah,Veg
Appetizers,Dips & Spreads,Mint Chutney,Veg
Appetizers,Dips & Spreads,Tomato Ketchup,Veg
Appetizers,Finger Food,Cheese Balls,Veg
Appetizers,Finger Food,Cheese Potato Wedges Melt,Veg
Appetizers,Finger Food,Cheese Tart,Veg
Appetizers,Finger Food,Cocktail Corn Samosa,Veg
Appetizers,Finger Food,Corn Cheese Kabab,Veg
Appetizers,Finger Food,Corn Palak Roll,Veg
Appetizers,Finger Food,Flaky Cheese Fingers,Veg
Appetizers,Finger Food,Fried Pepper Kaju,Veg
Appetizers,Finger Food,Golden Baby Corn Fingers,Veg
Appetizers,Finger Food,Hara Bhara Kabab,Veg
Appetizers,Finger Food,Masala Potato Fingers,Veg
Appetizers,Finger Food,Mini Tacos,Veg
Appetizers,Finger Food,Nachos Melt,Veg
Appetizers,Finger Food,Paneer Lifafa,Veg
Appetizers,Finger Food,Potato Cheese Shotz,Veg
Appetizers,Finger Food,Potato Croquettes,Veg
Appetizers,Finger Food,Red Masala Kaju,Veg
Appetizers,Finger Food,Smile Hearts,Veg
Appetizers,Finger Food,Spicy Potato Wedges,Veg
Appetizers,Finger Food,Spinach Fatayer,Veg
Appetizers,Finger Food,Stuffed Mushroom Caps,Veg
Appetizers,Finger Food,Veg-Wonton Squares,Veg
Appetizers,Finger Food,Veg. Pie,Veg
Appetizers,Finger Food,Veg. Tart,Veg
Appetizers,Finger Food,Vol-Au-Vents,Veg
Appetizers,Hors D'Oeuvres - On Bread,Canapés,Veg
Appetizers,Hors D'Oeuvres - On Bread,Cheese Bites,Veg
Appetizers,Hors D'Oeuvres - On Bread,Garlic Cream Cheese Crostini,Veg
Appetizers,Hors D'Oeuvres - On Bread,Mini Pizza Bites,Veg
Appetizers,Hors D'Oeuvres - On Bread,Tomato Mozzarella Crostini,Veg
Appetizers,Hors D'Oeuvres - On Bread,Veg. Bruschetta,Veg
Appetizers,Hors D'Oeuvres - On Skewer,Paneer Kesar Tikka,Veg
Appetizers,Hors D'Oeuvres - On Skewer,Paneer Shashlik,Veg
Appetizers,Hors D'Oeuvres - On Skewer,Veg. Seekh Kabab,Veg
Appetizers,Hors D'Oeuvres - On Skewer,Veg. Shashlik,Veg
Appetizers,Hors D'Oeuvres - On Toothpicks,Cut Mirchi,Veg
Appetizers,Hors D'Oeuvres - On Toothpicks,Gold Coin,Veg
Appetizers,Hors D'Oeuvres - On Toothpicks,Shangai Rolls,Veg
Appetizers,Hors D'Oeuvres - On Toothpicks,Spinach Rolls,Veg
Appetizers,Hors D'Oeuvres - On Toothpicks,Veg Spring Rolls,Veg
Appetizers,Hors D'Oeuvres - On Toothpicks,Veg. Corn Rolls,Veg
Appetizers,Hots (South Indian),Aalu Bajji,Veg
Appetizers,Hots (South Indian),Ajwan Pakodi,Veg
Appetizers,Hots (South Indian),Capsicum Bhajji,Veg
Appetizers,Hots (South Indian),Gaare,Veg
Appetizers,Hots (South Indian),Madras Pakodi (Round),Veg
Appetizers,Hots (South Indian),Meal Maker Keema Wada,Veg
Appetizers,Hots (South Indian),Mini Alsanda Wada,Veg
Appetizers,Hots (South Indian),Mini Perugu Aawada,Veg
Appetizers,Hots (South Indian),Mixed Veg. Wada,Veg
Appetizers,Hots (South Indian),Nellore Chitti Gaare,Veg
Appetizers,Hots (South Indian),Onion Pakodi,Veg
Appetizers,Hots (South Indian),Paneer Vada,Veg
Appetizers,Hots (South Indian),Pudina Masala Wada,Veg
Appetizers,Hots (South Indian),Raw Banana Bajji,Veg
Appetizers,Hots (South Indian),Shangai Roll,Veg
Appetizers,Hots (South Indian),Tamalapaku Bajji,Veg
Appetizers,Hots (South Indian),Vamu Mirchi Bajji,Veg
Appetizers,Hots (South Indian),Veg Bullet,Veg
Appetizers,Hots (South Indian),Veg. Lolly Pop,Veg
Appetizers,Hots (South Indian),Veg. Roll,Veg
Appetizers,Welcome Snacks - Finger Food,Masala Potato Wedges,Veg
Appetizers,Welcome Snacks - Finger Food,Mini Veg. Pie,Veg
Beverages,Aerated Drinks,Coca Cola,Veg
Beverages,Aerated Drinks,Coca Cola/Thumsup,Veg
Beverages,Aerated Drinks,Limca,Veg
Beverages,Aerated Drinks,Mirinda/ Fanta,Veg
Beverages,Aerated Drinks,Mirinda/Fanta,Veg
Beverages,Aerated Drinks,Mountain Dew,Veg
Beverages,Aerated Drinks,Sprite/ 7 Up,Veg
Beverages,Aerated Drinks,Sprite/7 Up,Veg
Beverages,Coffee,Black Coffee,Veg
Beverages,Coffee,Decaffeinated Coffee,Veg
Beverages,Coffee,Instant Coffee,Veg
Beverages,Coffee,South Indian Filter Coffee,Veg
Beverages,Fresh Fruit Juices,Coconut Delight,Veg
Beverages,Fresh Fruit Juices,Grape Pulpy Kulpy,Veg
Beverages,Fresh Fruit Juices,Mango Delight,Veg
Beverages,Fresh Fruit Juices,Orange + Carrot,Veg
Beverages,Fresh Fruit Juices,Orange Sqeez,Veg
Beverages,Fresh Fruit Juices,Pineapple Exotica,Veg
Beverages,Fresh Fruit Juices,Sugar Cane,Veg
Beverages,Fresh Fruit Juices,Sugar Cane Juice,Veg
Beverages,Fresh Fruit Juices,Sweet Lime,Veg
Beverages,Fresh Fruit Juices,Water Melon,Veg
Beverages,Fresh Fruit Juices,Water Melon With Apple Jewels,Veg
Beverages,Hot Drinks,Hot Milk With Horlicks/Boost,Veg
Beverages,Milk,Cold Badam Milk,Veg
Beverages,Milk,Cold Chocolate Milk,Veg
Beverages,Milk,Hot Badam Milk,Veg
Beverages,Milk,Hot Chocolate Milk,Veg
Beverages,Milk,Hot Milk With Horlicks / Boost,Veg
Beverages,Milk Shakes,Chico Milk Shake,Veg
Beverages,Milk Shakes,Fruit Punch,Veg
Beverages,Milk Shakes,Grapes Pulpy Kulfi,Veg
Beverages,Milk Shakes,Irish Milk Shake,Veg
Beverages,Milk Shakes,Litchi Punch,Veg
Beverages,Milk Shakes,Lovely Lassi,Veg
Beverages,Milk Shakes,Mango Masthi,Veg
Beverages,Milk Shakes,Mango Masti,Veg
Beverages,Milk Shakes,Musk Melon,Veg
Beverages,Milk Shakes,Orange Punch,Veg
Beverages,Milk Shakes,Peach Apricot Delight,Veg
Beverages,Milk Shakes,Sharjah,Veg
Beverages,Milk Shakes,Strawberry Punch,Veg
Beverages,Milk Shakes,Thatimunjala Milk Shake,Veg
Beverages,Mineral Water,Bisleri (200 Ml),Veg
Beverages,Mineral Water,Bisleri In 200 Ml Bottle,Veg
Beverages,Mineral Water,Kinley (500 Ml),Veg
Beverages,Mineral Water,Kinley In 500 Ml Bottle,Veg
Beverages,Mineral Water,Oxyrich (200 Ml),Veg
Beverages,Mineral Water,Oxyrich In 200 Ml Bottle,Veg
Beverages,Mineral Water,Royal Challenge In 200 Ml Bottle,Veg
Beverages,Mocktails,Blue Angel,Veg
Beverages,Mocktails,Mexican Sunset,Veg
Beverages,Mocktails,Mint Chocolate,Veg
Beverages,Mocktails,Orange Surprise,Veg
Beverages,Mocktails,Shirley Temple,Veg
Beverages,Mocktails,Strawberry Lemonade,Veg
Beverages,Mocktails,Violet Fizz,Veg
Beverages,Mocktails,Virgin Green Apple Martini,Veg
Beverages,Mocktails,Virgin Mojito,Veg
Beverages,Mocktails,Virgin Pink Lady,Veg
Beverages,Real Juices,Apple,Veg
Beverages,Real Juices,Cranberry,Veg
Beverages,Real Juices,Grape,Veg
Beverages,Real Juices,Guava,Veg
Beverages,Real Juices,Lychee,Veg
Beverages,Real Juices,Mango,Veg
Beverages,Real Juices,Mix Fruit,Veg
Beverages,Real Juices,Mix Veg,Veg
Beverages,Real Juices,Mix Veg.,Veg
Beverages,Real Juices,Orange,Veg
Beverages,Real Juices,Peach,Veg
Beverages,Real Juices,Pineapple,Veg
Beverages,Real Juices,Pomegranate,Veg
Beverages,Real Juices,Tomato,Veg
Beverages,Sampradaya,Sukandi,Veg
Beverages,Sampradaya (Traditional),Aam Ka Panna,Veg
Beverages,Sampradaya (Traditional),Fresh Lime Soda,Veg
Beverages,Sampradaya (Traditional),Jaljeera,Veg
Beverages,Sampradaya (Traditional),Panakam,Veg
Beverages,Sampradaya (Traditional),Sukandi Soda,Veg
Beverages,Smoothies,Banana Smoothie,Veg
Beverages,Smoothies,Chocolate Yogurt Smoothie,Veg
Beverages,Smoothies,Fruit Smoothie,Veg
Beverages,Smoothies,Green Ginger-Peach Smoothie,Veg
Beverages,Smoothies,Mango And Yogurt Smoothie,Veg
Beverages,Smoothies,Musk Melon Smoothie,Veg
Beverages,Smoothies,Oatmeal Smoothies,Veg
Beverages,Smoothies,"Strawberry, Mango, Yogurt Smoothie",Veg
Beverages,Smoothies,Tropical Blueberry Smoothie,Veg
Beverages,Smoothies,Winter Smoothie,Veg
Beverages,Sparkling Juices,Peach & Mango,Veg
Beverages,Sparkling Juices,Raspberry,Veg
Beverages,Sparkling Juices,Red Grapes,Veg
Beverages,Sparkling Juices,White Grapes,Veg
Beverages,Tea,Andhra Tea,Veg
Beverages,Tea,Arabian Sulemani,Veg
Beverages,Tea,Green Tea,Veg
Beverages,Tea,Irani Tea,Veg
Beverages,Tea,Kashmiri Kahwa,Veg
Beverages,Tea,Lemon Ice Tea,Veg
Beverages,Tea,Mint Ice Tea,Veg
Beverages,Tea,Puskar Masala Chai,Veg
Category,Sub-Category,Item Name,Veg
Dessert,Bengali Sweets,Anar Cake,Veg
Dessert,Bengali Sweets,Badam Pista Bogh,Veg
Dessert,Bengali Sweets,Basundi,Veg
Dessert,Bengali Sweets,Cream Gula,Veg
Dessert,Bengali Sweets,Cream Of Chum Chum,Veg
Dessert,Bengali Sweets,Cream Of Strawberry,Veg
Dessert,Bengali Sweets,Dry Chum Chum,Veg
Dessert,Bengali Sweets,Indra Poori,Veg
Dessert,Bengali Sweets,Litchi Wine,Veg
Dessert,Bengali Sweets,Malai Tikka,Veg
Dessert,Bengali Sweets,Mango Peta,Veg
Dessert,Bengali Sweets,Nava Rang Pan,Veg
Dessert,Bengali Sweets,Pippa,Veg
Dessert,Bengali Sweets,Pista Bogh,Veg
Dessert,Bengali Sweets,Raj Bogh,Veg
Dessert,Bengali Sweets,Rasmalai,Veg
Dessert,Bengali Sweets,Sandwiches,Veg
Dessert,Cakes & Pastries,Black Forest Gateau,Veg
Dessert,Fruit Delight,Grapes,Veg
Dessert,Fruit Delight,Mango,Veg
Dessert,Fruit Delight,Musk Melon,Veg
Dessert,Fruit Delight,Orange,Veg
Dessert,Fruit Delight,Papaya,Veg
Dessert,Fruit Delight,Pineapple,Veg
Dessert,Fruit Delight,Sapota,Veg
Dessert,Fruit Delight,Water Melon,Veg
Dessert,Fruit Delight - Exotica,Apricots,Veg
Dessert,Fruit Delight - Exotica,Cherries,Veg
Dessert,Fruit Delight - Exotica,Dragon Fruit,Veg
Dessert,Fruit Delight - Exotica,Figs,Veg
Dessert,Fruit Delight - Exotica,Mango Stein,Veg
Dessert,Fruit Delight - Exotica,Mini Mango,Veg
Dessert,Fruit Delight - Exotica,Peaches,Veg
Dessert,Fruit Delight - Exotica,Plums,Veg
Dessert,Fruit Delight - Exotica,Rambutan,Veg
Dessert,Fruit Delight - Exotica,Rose Apple,Veg
Dessert,Fruit Delight - Exotica,Tangerine,Veg
Dessert,Fruit Delight - Exotica,Thai Pink Guava,Veg
Dessert,Fruit Delight - Imported,Australian Grapes,Veg
Dessert,Fruit Delight - Imported,Chile Pears,Veg
Dessert,Fruit Delight - Imported,Fuji Apple,Veg
Dessert,Fruit Delight - Imported,Kimia Dates,Veg
Dessert,Fruit Delight - Imported,Kiwi,Veg
Dessert,Fruit Delight - Imported,Litchi,Veg
Dessert,Fruit Delight - Imported,Strawberry,Veg
Dessert,Fruit Delight - Imported,Sweet Tamarind,Veg
Dessert,Fruits - Exotica,Mangostean,Veg
Dessert,Fruits - Exotica,Rambuttan,Veg
Dessert,Fruits - Exotica,Thailand Pink Guava,Veg
Dessert,Fruits - Imported,Kimiya Dates,Veg
Dessert,Fruits - Imported,Sweet Tamrind,Veg
Dessert,Global Desserts,Black Forest Gateaux,Veg
Dessert,Global Desserts,Blueberry Cheese Cake,Veg
Dessert,Global Desserts,Chocolate Mousse,Veg
Dessert,Global Desserts,Chocolate Tarts,Veg
Dessert,Global Desserts,Chocolate Truffle,Veg
Dessert,Global Desserts,Chocolate Éclairs,Veg
Dessert,Global Desserts,Kiwi Slice,Veg
Dessert,Global Desserts,Lemon Chiffon Pie,Veg
Dessert,Global Desserts,Mango Soufflé,Veg
Dessert,Global Desserts,Tiramisu,Veg
Dessert,Ice Cream - Stick/Special,Chocó Bar,Veg
Dessert,Ice Creams,Almond,Veg
Dessert,Ice Creams,Banana,Veg
Dessert,Ice Creams,Black Current,Veg
Dessert,Ice Creams,Butter Scotch,Veg
Dessert,Ice Creams,Carmel Nuts,Veg
Dessert,Ice Creams,Chocolate,Veg
Dessert,Ice Creams,Guava,Veg
Dessert,Ice Creams,Kaju & Kismis,Veg
Dessert,Ice Creams,Pista,Veg
Dessert,Ice Creams,Seetafal,Veg
Dessert,Ice Creams,Straw Berry,Veg
Dessert,Ice Creams,Tuti Fruity,Veg
Dessert,Ice Creams,Vanilla,Veg
Dessert,Ice Creams,Vanilla With Honey,Veg
Dessert,Ice Creams,Vanilla With Kaju,Veg
Dessert,Ice Creams - Stick,Choco Bar,Veg
Dessert,Ice Creams - Stick,Ice Candy,Veg
Dessert,Ice Creams - Stick,Kulfi,Veg
Dessert,Ice Creams - Stick,Mango Bar,Veg
Dessert,Ice Creams - Stick,Orange Bar,Veg
Dessert,Live Sweets,American Mal Puri,Veg
Dessert,Live Sweets,Baked Rasgulla,Veg
Dessert,Live Sweets,Dry Fruit Honey,Veg
Dessert,Live Sweets,Gajrela,Veg
Dessert,Live Sweets,Gulabi Chat,Veg
Dessert,Live Sweets,Honey Belam Jalebi,Veg
Dessert,Live Sweets,Jeedlu,Veg
Dessert,Live Sweets,Kaju Anjoor Jalebi,Veg
Dessert,Live Sweets,Kesari Jalebi,Veg
Dessert,Live Sweets,Pineapple Jalebi,Veg
Dessert,Live Sweets,Supai Rapsam,Veg
Dessert,Live Sweets,Tawa Mix Sweet,Veg
Dessert,Modern Sweets,Anjoor Burfy,Veg
Dessert,Modern Sweets,Anjoor Roll,Veg
Dessert,Modern Sweets,Badam Burfy,Veg
Dessert,Modern Sweets,Bombay Halwa,Veg
Dessert,Modern Sweets,Cashew Burfy,Veg
Dessert,Modern Sweets,Dry Fruit Box,Veg
Dessert,Modern Sweets,Dry Fruit Cone,Veg
Dessert,Modern Sweets,Dry Fruit Gelory,Veg
Dessert,Modern Sweets,Dry Fruit Roll,Veg
Dessert,Modern Sweets,Ghevar,Veg
Dessert,Modern Sweets,Gulab Jamoon,Veg
Dessert,Modern Sweets,Gulkan Gelory,Veg
Dessert,Modern Sweets,Ice Cream Burfy,Veg
Dessert,Modern Sweets,Kaju Bouquet,Veg
Dessert,Modern Sweets,Kaju Bullet,Veg
Dessert,Modern Sweets,Kaju Gulbahar,Veg
Dessert,Modern Sweets,Kaju Pista Roll,Veg
Dessert,Modern Sweets,Kesar Halwa,Veg
Dessert,Modern Sweets,Magic Roll,Veg
Dessert,Modern Sweets,Red Halwa,Veg
Dessert,Modern Sweets,Shahi Tukara,Veg
Dessert,Modern Sweets,Tiranga Burfy,Veg
Dessert,Paan,Kesar Pan,Veg
Dessert,Paan,Laddu Pan,Veg
Dessert,Paan,Meenakshi Pan,Veg
Dessert,Paan,Pan Sada,Veg
Dessert,Paan,Pan Sweet,Veg
Dessert,Paan,Special Pan,Veg
Dessert,Shahi Sweets,Apricot Pudding,Veg
Dessert,Shahi Sweets,Badam Kheer,Veg
Dessert,Shahi Sweets,Double Ka Meetha,Veg
Dessert,Shahi Sweets,Gil-E-Firdous,Veg
Dessert,Shahi Sweets,Kashimiri Kheer,Veg
Dessert,Shahi Sweets,Qhubani Ka Meetha,Veg
Dessert,Shahi Sweets,Shahi Tukra,Veg
Dessert,Special Ice Creams,Pot Kulfi,Veg
Dessert,Special Ice Creams,Roller Ice Cream,Veg
Dessert,Special Ice Creams,Stone Ice Cream,Veg
Dessert,Temple Sweets,Chekkara Pongal,Veg
Dessert,Temple Sweets,Palathalikalu,Veg
Dessert,Temple Sweets,Paramannam,Veg
Dessert,Temple Sweets,Semiya Saggubiyam Kesar Payasam,Veg
Dessert,Traditional Sweets,Badam Halwa,Veg
Dessert,Traditional Sweets,Badam Putharekulu,Veg
Dessert,Traditional Sweets,Bread Halwa,Veg
Dessert,Traditional Sweets,Carrot Green Mixed Halwa,Veg
Dessert,Traditional Sweets,Chitti Areslu With Nuvvlu,Veg
Dessert,Traditional Sweets,Gumadikaya Halwa,Veg
Dessert,Traditional Sweets,Jafrani Pineapple Kesari,Veg
Dessert,Traditional Sweets,Jangri,Veg
Dessert,Traditional Sweets,Junnu,Veg
Dessert,Traditional Sweets,Kova Bobbattlu,Veg
Dessert,Traditional Sweets,Malai Kaja,Veg
Dessert,Traditional Sweets,Mixed Fruit Halwa,Veg
Dessert,Traditional Sweets,Nethi Bobbattlu,Veg
Dessert,Traditional Sweets,Pala Munjalu,Veg
Dessert,Traditional Sweets,Panchratan Halwa,Veg
Dessert,Traditional Sweets,Pineapple Halwa,Veg
Dessert,Traditional Sweets,Ravva Poornam,Veg
Dessert,Traditional Sweets,Sabudana Poornam,Veg
Dessert,Traditional Sweets,Tati Boorelu,Veg
International,Chinese Wok,American Chopsue,Veg
International,Chinese Wok,American Corn Dice,Veg
International,Chinese Wok,Bambina Rice,Veg
International,Chinese Wok,Chinese Fried Rice,Veg
International,Chinese Wok,Chop Stick,Veg
International,Chinese Wok,Corn Cubes,Veg
International,Chinese Wok,Mangolian Sizzler,Veg
International,Chinese Wok,Paneer Corn,Veg
International,Chinese Wok,Stir Fried Vegetables,Veg
International,Chinese Wok,Veg Dumpling,Veg
International,Chinese Wok,Veg Hakka Noodles,Veg
International,Chinese Wok,Veg Manchuria,Veg
International,Chinese Wok,Veg Soft Noodles,Veg
International,Chinese Wok,Veg Tawa Sizzler,Veg
International,Continental,Cheese Balls,Veg
International,Continental,Onion Rings,Veg
International,Continental,Spinach Corn Agratin,Veg
International,Continental,Spinach Corn Au Gratin,Veg
International,Continental,Stuffed Mushrooms,Veg
International,Continental,Veg Agratin,Veg
International,Continental,Veg Au Gratin,Veg
International,Continental,Veg Moussaka,Veg
International,Continental,Veg Musaka,Veg
International,Mediterranean,Babaganoush,Veg
International,Mediterranean,Dolma,Veg
International,Mediterranean,Falafel,Veg
International,Mediterranean,Hummos,Veg
International,Mediterranean,Lebnah Ma Zatar,Veg
International,Mediterranean,Pitha Pockets,Veg
International,Mediterranean,Stuffed Bell Peppers,Veg
International,Mediterranean,Veg Emista,Veg
International,Mexican,Burritos,Veg
International,Mexican,Enchiladas,Veg
International,Mexican,Nachos,Veg
International,Mexican,Tacos,Veg
International,Mexican - Accompaniment,Guacamole,Veg
International,Mexican - Accompaniment,Salsa Casera,Veg
International,Pan Asia,Dolma Station,Veg
International,Pan Asia,Padthai Noodles,Veg
International,Pan Asia,Pancit Rice Noodles,Veg
International,Pan Asia,Schezwan Fried Rice,Veg
International,Pan Asia,Thai Veges In Red Curry,Veg
International,Pan Asia,Thai Vegies In Red Curry,Veg
International,Pan Asia,Veg Exotica In Hot Garlic Sauce,Veg
International,Pan Asia,Veg Saute Station,Veg
International,Pan Asia,Veg State Station,Veg
International,Pan Asia,Veg Teppanyaki,Veg
International,Pastas,Farfalle,Veg
International,Pastas,Penne,Veg
International,Pastas,Spaghetti,Veg
International,Pastas - Condiments,Chilli Flakes,Veg
International,Pastas - Condiments,Gherkins,Veg
International,Pastas - Condiments,Jalapenos,Veg
International,Pastas - Condiments,Mushroom,Veg
International,Pastas - Condiments,Olives,Veg
International,Pastas - Condiments,Peppers,Veg
International,Pastas - Herbs,Oregano,Veg
International,Pastas - Herbs,Thyme,Veg
International,Pastas - Sauces,Cream Cheese,Veg
International,Pastas - Sauces,Tomato Basil,Veg
Main Course,Biryani,All Mix Veg Biryani,Veg
Main Course,Biryani,Aloo Pudina Biryani,Veg
Main Course,Biryani,Avakai Biryani,Veg
Main Course,Biryani,Bilal Mushroom Biryani With Katta,Veg
Main Course,Biryani,Bilal Panasakaya Biryani With Katta,Veg
Main Course,Biryani,Hyderabadi Ulavacharu Veg Dum Biryani,Veg
Main Course,Biryani,Kathal Biryani,Veg
Main Course,Biryani,Mixed Vegetable Biryani,Veg
Main Course,Biryani,Paneer & Baby Corn Biryani,Veg
Main Course,Dal,Avakai Pappu,Veg
Main Course,Dal,Beerakaya Pappu,Veg
Main Course,Dal,Chukkakura Mamidikaya Pappu,Veg
Main Course,Dal,Cucumber Dal,Veg
Main Course,Dal,Dal Jaipuri,Veg
Main Course,Dal,Dal Makhani,Veg
Main Course,Dal,Dal Pancharatna,Veg
Main Course,Dal,Dal Tadka,Veg
Main Course,Dal,Leaf Dal,Veg
Main Course,Dal,Mango Dal,Veg
Main Course,Dal,Mudda Pappu + Pachipulusu,Veg
Main Course,Dal,Plain Dal + Dappadam,Veg
Main Course,Dal,Tomato Dal,Veg
Main Course,Dal,Usirikaya Pappu,Veg
Main Course,Dal,Vaakkaya Dal,Veg
Main Course,Gravy Curries,Aratikai Round Mukkala Pulusu,Veg
Main Course,Gravy Curries,"Baby Corn, Cashew Full Nuts",Veg
Main Course,Gravy Curries,Battai Tonala Masala,Veg
Main Course,Gravy Curries,Beerakaya Chanaga Pappu Masala,Veg
Main Course,Gravy Curries,Bottle Gourd Masala (Sorakaya),Veg
Main Course,Gravy Curries,"Brinjal, Tomato, Drumstick",Veg
Main Course,Gravy Curries,Capsicum Cashew Full Nuts,Veg
Main Course,Gravy Curries,Cauliflower Tomato,Veg
Main Course,Gravy Curries,"Cucumber, Cashew Nuts",Veg
Main Course,Gravy Curries,"Cucumber, Tomato, Drumstick",Veg
Main Course,Gravy Curries,Gongura Macaroni Curry,Veg
Main Course,Gravy Curries,Gongura Mushroom Curry,Veg
Main Course,Gravy Curries,Gongura Phool Makhani Curry,Veg
Main Course,Gravy Curries,Gongura Sanagapappu,Veg
Main Course,Gravy Curries,"Mushroom, Cashew Full Nuts",Veg
Main Course,Gravy Curries,Natuchikkudukaya Curry,Veg
Main Course,Gravy Curries,Panasa Tonala Masala Curry,Veg
Main Course,Gravy Curries,Round Brinjal,Veg
Main Course,Gravy Curries,Thatimunjala Curry,Veg
Main Course,Gravy Curries,"Tomato, Drumstick",Veg
Main Course,Paneer Kurmas,Butter Paneer Kurma,Veg
Main Course,Paneer Kurmas,Malai Kofta,Veg
Main Course,Paneer Kurmas,Methi Chaman,Veg
Main Course,Paneer Kurmas,Mutter Paneer,Veg
Main Course,Paneer Kurmas,Palak Paneer,Veg
Main Course,Paneer Kurmas,Paneer Butter Masala,Veg
Main Course,Paneer Kurmas,Paneer Lababdar,Veg
Main Course,Paneer Kurmas,Paneer Moghlai Masala,Veg
Main Course,Paneer Kurmas,Paneer Pasanda,Veg
Main Course,Paneer Kurmas,Paneer Sagwala,Veg
Main Course,Paneer Kurmas,Paneer Single Beans Kurma,Veg
Main Course,Paneer Kurmas,Paneer Tikka Masala,Veg
Main Course,Paneer Kurmas,Shahi Paneer Kurma,Veg
Main Course,Plain Rice,Steamed Rice With Ghee,Veg
Main Course,Roti-Basket,Achari Roti,Veg
Main Course,Roti-Basket,Baby Nan,Veg
Main Course,Roti-Basket,Badam Roti,Veg
Main Course,Roti-Basket,Bajre Ki Roti,Veg
Main Course,Roti-Basket,Besan Ki Roti,Veg
Main Course,Roti-Basket,Bharwaan Amritsari Kulcha,Veg
Main Course,Roti-Basket,Butter Naan,Veg
Main Course,Roti-Basket,Butter Roti,Veg
Main Course,Roti-Basket,Chapati,Veg
Main Course,Roti-Basket,Cheese Kulcha,Veg
Main Course,Roti-Basket,Dry Fruit Kulcha,Veg
Main Course,Roti-Basket,Jonna Roti,Veg
Main Course,Roti-Basket,Kesari Parota,Veg
Main Course,Roti-Basket,Kottimeera Parota,Veg
Main Course,Roti-Basket,Laccha Parota,Veg
Main Course,Roti-Basket,Lal Roti,Veg
Main Course,Roti-Basket,Makki Ki Roti,Veg
Main Course,Roti-Basket,Masala Kulcha,Veg
Main Course,Roti-Basket,Masala Parota,Veg
Main Course,Roti-Basket,Mooli Ki Roti,Veg
Main Course,Roti-Basket,Palak Parota,Veg
Main Course,Roti-Basket,Pista Parota,Veg
Main Course,Roti-Basket,Plain Kulcha,Veg
Main Course,Roti-Basket,Plain Naan,Veg
Main Course,Roti-Basket,Plain Parota,Veg
Main Course,Roti-Basket,Pudina Parota,Veg
Main Course,Roti-Basket,Pulkha,Veg
Main Course,Roti-Basket,Rumali Roti,Veg
Main Course,Roti-Basket,Sajja Roti,Veg
Main Course,Roti-Basket,Sarva Pindi,Veg
Main Course,Roti-Basket,Tandoori Roti,Veg
Main Course,Special Rice - Flavoured,Avakai Rice,Veg
Main Course,Special Rice - Flavoured,Bagara Rice,Veg
Main Course,Special Rice - Flavoured,Bisibela Bath,Veg
Main Course,Special Rice - Flavoured,Chintapandu Pulihora,Veg
Main Course,Special Rice - Flavoured,Chitrannam,Veg
Main Course,Special Rice - Flavoured,Coconut Rice,Veg
Main Course,Special Rice - Flavoured,Dabbakaya Pulihora,Veg
Main Course,Special Rice - Flavoured,Gongura Rice,Veg
Main Course,Special Rice - Flavoured,Jeera Rice,Veg
Main Course,Special Rice - Flavoured,Karivepaku Rice,Veg
Main Course,Special Rice - Flavoured,Mamidikaya Pulihora,Veg
Main Course,Special Rice - Flavoured,Mexican Rice,Veg
Main Course,Special Rice - Flavoured,Nimmakaya Pulihora,Veg
Main Course,Special Rice - Flavoured,Olive N Red Onion Rice,Veg
Main Course,Special Rice - Flavoured,Paella Rice,Veg
Main Course,Special Rice - Flavoured,Pudina Rice,Veg
Main Course,Special Rice - Flavoured,Spanish Rice,Veg
Main Course,Special Rice - Flavoured,Tomato Rice,Veg
Main Course,Special Rice - Flavoured,Veg Dum Fried Rice,Veg
Main Course,Special Rice - Flavoured,Veg Manchurian Rice,Veg
Main Course,Special Rice - Pulao,Corn Methi Pulao,Veg
Main Course,Special Rice - Pulao,Fresh Green Peas Pulao,Veg
Main Course,Special Rice - Pulao,Kashmiri Pulao,Veg
Main Course,Special Rice - Pulao,Veg Pulao,Veg
Main Course,Special Rice - Pulao,Veg Saffron Pulao,Veg
Main Course,Special Rice - Pulao,Veg Tahari,Veg
Main Course,Veg Dry,Aloo Capsicum Masala,Veg
Main Course,Veg Dry,Aloo Gobi,Veg
Main Course,Veg Dry,Aloo Jeera,Veg
Main Course,Veg Dry,Aloo Methi,Veg
Main Course,Veg Dry,Amritsari Chole,Veg
Main Course,Veg Dry,Baby Corn Ulavacharu Iguru,Veg
Main Course,Veg Dry,Bagara Baigan,Veg
Main Course,Veg Dry,Beerakaya Chanaga Pappu,Veg
Main Course,Veg Dry,Beerakaya Soya Keema,Veg
Main Course,Veg Dry,Cabbage Sanagapappu,Veg
Main Course,Veg Dry,Dam Aloo Kashmiri,Veg
Main Course,Veg Dry,Gobi Adraki,Veg
Main Course,Veg Dry,Green Apple Masala,Veg
Main Course,Veg Dry,Kobari Porial,Veg
Main Course,Veg Dry,Makai Palak,Veg
Main Course,Veg Dry,Methi Malai Mutter,Veg
Main Course,Veg Dry,Mushroom Gongura,Veg
Main Course,Veg Dry,Mushroom Hara Pyaz,Veg
Main Course,Veg Dry,Mushroom Ulavacharu Iguru,Veg
Main Course,Veg Dry,Palak Mushroom,Veg
Main Course,Veg Dry,Panasatonala Masala,Veg
Main Course,Veg Dry,Pindi Chana,Veg
Main Course,Veg Dry,Potlakai Pesarapappu Porial,Veg
Main Course,Veg Dry,Rajma Masala,Veg
Main Course,Veg Dry,Sabzi Jhalfrezi,Veg
Main Course,Veg Dry,Sarsoka Saag,Veg
Main Course,Veg Fries,Aalu Poosa Fry,Veg
Main Course,Veg Fries,"Aalu, Allam, Green Mirchi Fry",Veg
Main Course,Veg Fries,"Aratikaya, Allam Green Mirchi Fry",Veg
Main Course,Veg Fries,"Aratikaya, Phool Makhani Fry",Veg
Main Course,Veg Fries,Baby Aloo Allam Pachi Mirchi Fry,Veg
Main Course,Veg Fries,Baby Corn 65,Veg
Main Course,Veg Fries,"Baby Corn Aalu Ullibonda, Fry",Veg
Main Course,Veg Fries,Baru Vankaya Masala,Veg
Main Course,Veg Fries,Beans Carrot Aloo Ullibonda Fry,Veg
Main Course,Veg Fries,Bendi Jaipuri,Veg
Main Course,Veg Fries,"Bendi, Kobbari, Cashew Fry",Veg
Main Course,Veg Fries,Bharwan Karela,Veg
Main Course,Veg Fries,Brinjal Pakodi Fry,Veg
Main Course,Veg Fries,Cabbage 65,Veg
Main Course,Veg Fries,Capsicum Sanagakaaram,Veg
Main Course,Veg Fries,"Carrot, Beans, Aalu, Paneer Fry",Veg
Main Course,Veg Fries,Chemadumpa Finger Chips,Veg
Main Course,Veg Fries,Corn Cubes Fry,Veg
Main Course,Veg Fries,Dondakai Cheelikala Pakodi Fry,Veg
Main Course,Veg Fries,Dosakya 65,Veg
Main Course,Veg Fries,Gobi 65,Veg
Main Course,Veg Fries,Gobi Peas Fry,Veg
Main Course,Veg Fries,Kakara Kai Fry,Veg
Main Course,Veg Fries,Kanda Porutu,Veg
Main Course,Veg Fries,Kandi Cube Fry,Veg
Main Course,Veg Fries,Mushroom Fry,Veg
Main Course,Veg Fries,Panasakaya 65,Veg
Main Course,Veg Fries,Paneer Porutu,Veg
Main Course,Veg Fries,Pansapottu Iguru,Veg
Main Course,Veg Fries,Round Brinjal Sanaga Kaaram,Veg
Main Course,Veg Fries,Seema Chintakaya Fry,Veg
Main Course,Veg Fries,Telangana Aloo Gadda Vepudu,Veg
Main Course,Veg Fries,Thotakoora Cube Fry,Veg
Main Course,Vegetable Kurmas,Aloo Capsicum Kaju Kurma,Veg
Main Course,Vegetable Kurmas,Aloo Scoop Kurma,Veg
Main Course,Vegetable Kurmas,Aloo Tomato Perugu Kurma,Veg
Main Course,Vegetable Kurmas,Baby Corn Kaju Kurma,Veg
Main Course,Vegetable Kurmas,Cabbage Balls Kurma,Veg
Main Course,Vegetable Kurmas,Capsicum Kaju Kurma,Veg
Main Course,Vegetable Kurmas,Mixed Veg Kurma,Veg
Main Course,Vegetable Kurmas,Mushroom Kaju Kurma,Veg
Main Course,Vegetable Kurmas,Navaratan Kurma,Veg
Main Course,Vegetable Kurmas,Pool Makkan Kurma,Veg
Main Course,Vegetable Kurmas,Thotakoora Cube Kurma,Veg
Main Course (Veg),Biryani,Aloo Pudina Biryani,Veg
Main Course (Veg),Biryani,Avakai Biryani,Veg
Main Course (Veg),Biryani,Bilal Mushroom Biryani With Katta,Veg
Main Course (Veg),Biryani,Bilal Panasakaya Biryani With Katta,Veg
Main Course (Veg),Biryani,Hyderabadi Ulavacharu Dum Biryani,Veg
Main Course (Veg),Biryani,Mixed Vegetable Biryani,Veg
Main Course (Veg),Biryani,Paneer & Baby Corn Biryani,Veg
Main Course (Veg),Biryani,Plain Biryani,Veg
Main Course (Veg),Dal,Avakai Pappu,Veg
Main Course (Veg),Dal,Beerakaya Pappu,Veg
Main Course (Veg),Dal,Chukkakura Mamidikaya Pappu,Veg
Main Course (Veg),Dal,Cucumber Dal,Veg
Main Course (Veg),Dal,Dal Jaipuri,Veg
Main Course (Veg),Dal,Dal Makhani,Veg
Main Course (Veg),Dal,Dal Pancharatna,Veg
Main Course (Veg),Dal,Dal Tadka,Veg
Main Course (Veg),Dal,Leaf Dal,Veg
Main Course (Veg),Dal,Mango Dal,Veg
Main Course (Veg),Dal,Plain Dal + Dappadam,Veg
Main Course (Veg),Dal,Tomato Dal,Veg
Main Course (Veg),Dal,Usirikaya Pappu,Veg
Main Course (Veg),Dal,Vaakkaya Dal,Veg
Main Course (Veg),Gravy Curries,Baby Corn Cashew Full Nuts,Veg
Main Course (Veg),Gravy Curries,Battai Tonala Masala,Veg
Main Course (Veg),Gravy Curries,Beerakaya Chanaga Pappu Masala,Veg
Main Course (Veg),Gravy Curries,Bottle Gourd (Soorakaya Masala),Veg
Main Course (Veg),Gravy Curries,Brinjal Tomato Drumstick,Veg
Main Course (Veg),Gravy Curries,Capsicum Cashew Full Nuts,Veg
Main Course (Veg),Gravy Curries,Cauliflower Tomato,Veg
Main Course (Veg),Gravy Curries,Cucumber Cashew Nuts,Veg
Main Course (Veg),Gravy Curries,Cucumber Tomato Drumstick,Veg
Main Course (Veg),Gravy Curries,Gongura Macaroni Curry,Veg
Main Course (Veg),Gravy Curries,Gongura Mushroom Curry,Veg
Main Course (Veg),Gravy Curries,Gongura Phool Makhani Curry,Veg
Main Course (Veg),Gravy Curries,Gongura Sanagapappu,Veg
Main Course (Veg),Gravy Curries,Mushroom Cashew Full Nuts,Veg
Main Course (Veg),Gravy Curries,Natu Chikkudukaya Curry,Veg
Main Course (Veg),Gravy Curries,Round Brinjal,Veg
Main Course (Veg),Gravy Curries,Thatimunjala Curry,Veg
Main Course (Veg),Gravy Curries,Tomato Drumstick,Veg
Main Course (Veg),Paneer Kurmas,Butter Paneer Kurma,Veg
Main Course (Veg),Paneer Kurmas,Malai Kofta,Veg
Main Course (Veg),Paneer Kurmas,Methi Chaman,Veg
Main Course (Veg),Paneer Kurmas,Mutter Paneer,Veg
Main Course (Veg),Paneer Kurmas,Palak Paneer,Veg
Main Course (Veg),Paneer Kurmas,Paneer Butter Masala,Veg
Main Course (Veg),Paneer Kurmas,Paneer Lababdar,Veg
Main Course (Veg),Paneer Kurmas,Paneer Moghlai Masala,Veg
Main Course (Veg),Paneer Kurmas,Paneer Pasanda,Veg
Main Course (Veg),Paneer Kurmas,Paneer Sagwala,Veg
Main Course (Veg),Paneer Kurmas,Paneer Single Beans Kurma,Veg
Main Course (Veg),Paneer Kurmas,Paneer Tikka Masala,Veg
Main Course (Veg),Paneer Kurmas,Shahi Paneer Kurma,Veg
Main Course (Veg),Plain Rice,Steamed Rice With Ghee,Veg
Main Course (Veg),Roti,Achari Roti,Veg
Main Course (Veg),Roti,Baby Nan,Veg
Main Course (Veg),Roti,Badam Roti,Veg
Main Course (Veg),Roti,Bajre Ki Roti,Veg
Main Course (Veg),Roti,Besan Ki Roti,Veg
Main Course (Veg),Roti,Bharwaan Amritsari Kulcha,Veg
Main Course (Veg),Roti,Butter Naan,Veg
Main Course (Veg),Roti,Butter Roti,Veg
Main Course (Veg),Roti,Chapati,Veg
Main Course (Veg),Roti,Cheese Kulcha,Veg
Main Course (Veg),Roti,Dry Fruit Kulcha,Veg
Main Course (Veg),Roti,Kesari Parota,Veg
Main Course (Veg),Roti,Kottimeera Parota,Veg
Main Course (Veg),Roti,Laccha Parota,Veg
Main Course (Veg),Roti,Lal Roti,Veg
Main Course (Veg),Roti,Makki Ki Roti,Veg
Main Course (Veg),Roti,Masala Kulcha,Veg
Main Course (Veg),Roti,Masala Parota,Veg
Main Course (Veg),Roti,Mooli Ki Roti,Veg
Main Course (Veg),Roti,Palak Parota,Veg
Main Course (Veg),Roti,Pista Parota,Veg
Main Course (Veg),Roti,Plain Kulcha,Veg
Main Course (Veg),Roti,Plain Naan,Veg
Main Course (Veg),Roti,Plain Parota,Veg
Main Course (Veg),Roti,Pudina Parota,Veg
Main Course (Veg),Roti,Pulkha,Veg
Main Course (Veg),Roti,Rumali Roti,Veg
Main Course (Veg),Roti,Tandoori Roti,Veg
Main Course (Veg),Special Rice - Flavored,Chintapandu Pulihora,Veg
Main Course (Veg),Special Rice - Flavored,Coconut Rice,Veg
Main Course (Veg),Special Rice - Flavored,Dabbakaya Pulihora,Veg
Main Course (Veg),Special Rice - Flavored,Jeera Rice,Veg
Main Course (Veg),Special Rice - Flavored,Karivepaku Rice,Veg
Main Course (Veg),Special Rice - Flavored,Mamidikaya Pulihora,Veg
Main Course (Veg),Special Rice - Flavored,Nimmakaya Pulihora,Veg
Main Course (Veg),Special Rice - Flavored,Pudina Rice,Veg
Main Course (Veg),Special Rice - Flavored,Tomato Rice,Veg
Main Course (Veg),Special Rice - Flavored,Veg Dum Fried Rice,Veg
Main Course (Veg),Special Rice - Pulao,Corn Methi Pulao,Veg
Main Course (Veg),Special Rice - Pulao,Fresh Green Peas Pulao,Veg
Main Course (Veg),Special Rice - Pulao,Kashmiri Pulao,Veg
Main Course (Veg),Special Rice - Pulao,Veg Pulao,Veg
Main Course (Veg),Special Rice - Pulao,Veg Saffron Pulao,Veg
Main Course (Veg),Veg Dry,Aloo Capsicum Masala,Veg
Main Course (Veg),Veg Dry,Aloo Gobi,Veg
Main Course (Veg),Veg Dry,Aloo Jeera,Veg
Main Course (Veg),Veg Dry,Aloo Methi,Veg
Main Course (Veg),Veg Dry,Amritsari Chole,Veg
Main Course (Veg),Veg Dry,Baby Corn Ulavacharu Iguru,Veg
Main Course (Veg),Veg Dry,Bagara Baigan,Veg
Main Course (Veg),Veg Dry,Beerakaya Chanaga Pappu,Veg
Main Course (Veg),Veg Dry,Beerakaya Soya Keema,Veg
Main Course (Veg),Veg Dry,Cabbage Sanagapappu Kobari Porial,Veg
Main Course (Veg),Veg Dry,Dam Aloo Kashmiri,Veg
Main Course (Veg),Veg Dry,Gobi Adraki,Veg
Main Course (Veg),Veg Dry,Green Apple Masala,Veg
Main Course (Veg),Veg Dry,Makai Palak,Veg
Main Course (Veg),Veg Dry,Methi Malai Mutter,Veg
Main Course (Veg),Veg Dry,Mushroom Hara Pyaz,Veg
Main Course (Veg),Veg Dry,Mushroom Ulavacharu Iguru,Veg
Main Course (Veg),Veg Dry,Palak Mushroom,Veg
Main Course (Veg),Veg Dry,Panasa Tonala Masala,Veg
Main Course (Veg),Veg Dry,Pindi Chana,Veg
Main Course (Veg),Veg Dry,Potlakai Pesarapappu Porial,Veg
Main Course (Veg),Veg Dry,Rajma Masala,Veg
Main Course (Veg),Veg Dry,Sabzi Jhalfrezi,Veg
Main Course (Veg),Veg Dry,Sarso Ka Saag,Veg
Main Course (Veg),Veg Fries,Aalu Allam Green Mirchi Fry,Veg
Main Course (Veg),Veg Fries,Aalu Poosa Fry,Veg
Main Course (Veg),Veg Fries,Aratikaya Allam Green Mirchi Fry,Veg
Main Course (Veg),Veg Fries,Baby Aloo Allam Pachi Mirchi Fry,Veg
Main Course (Veg),Veg Fries,Baby Corn 65,Veg
Main Course (Veg),Veg Fries,Baby Corn Aalu Ullibonda Fry,Veg
Main Course (Veg),Veg Fries,Baru Vankaya Masala,Veg
Main Course (Veg),Veg Fries,Beans Carrot Aloo Ullibonda Fry,Veg
Main Course (Veg),Veg Fries,Bendi Jaipuri,Veg
Main Course (Veg),Veg Fries,Bendi Kobbari Cashew Fry,Veg
Main Course (Veg),Veg Fries,Brinjal Pakodi Fry,Veg
Main Course (Veg),Veg Fries,Cabbage 65,Veg
Main Course (Veg),Veg Fries,Capsicum Sanaga Kaaram,Veg
Main Course (Veg),Veg Fries,Carrot Beans Aalu Paneer Fry,Veg
Main Course (Veg),Veg Fries,Chemadumpa Finger Chips,Veg
Main Course (Veg),Veg Fries,Corn Cubes Fry,Veg
Main Course (Veg),Veg Fries,Dondakai Cheelikala Pakodi Fry,Veg
Main Course (Veg),Veg Fries,Dosakya 65,Veg
Main Course (Veg),Veg Fries,Gobi 65,Veg
Main Course (Veg),Veg Fries,Gobi Peas Fry,Veg
Main Course (Veg),Veg Fries,Kanda Porutu,Veg
Main Course (Veg),Veg Fries,Kandi Cube Fry,Veg
Main Course (Veg),Veg Fries,Mushroom Fry,Veg
Main Course (Veg),Veg Fries,Panasakaya 65,Veg
Main Course (Veg),Veg Fries,Paneer Porutu,Veg
Main Course (Veg),Veg Fries,Pansapottu Iguru,Veg
Main Course (Veg),Veg Fries,Round Brinjal Sanaga Kaaram,Veg
Main Course (Veg),Veg Fries,Seema Chintakaya Fry,Veg
Main Course (Veg),Veg Fries,Thotakoora Cube Fry,Veg
Main Course (Veg),Vegetable Kurmas,Aloo Capsicum Kaju Kurma,Veg
Main Course (Veg),Vegetable Kurmas,Aloo Scoop Kurma,Veg
Main Course (Veg),Vegetable Kurmas,Baby Corn Kaju Kurma,Veg
Main Course (Veg),Vegetable Kurmas,Cabbage Balls Kurma,Veg
Main Course (Veg),Vegetable Kurmas,Capsicum Kaju Kurma,Veg
Main Course (Veg),Vegetable Kurmas,Mixed Veg Kurma,Veg
Main Course (Veg),Vegetable Kurmas,Mushroom Kaju Kurma,Veg
Main Course (Veg),Vegetable Kurmas,Navaratan Kurma,Veg
Main Course (Veg),Vegetable Kurmas,Pool Makkan Kurma,Veg
Main Course (Veg),Vegetable Kurmas,Thotakoora Cube Kurma,Veg
Regional Cuisine,Chettinad Delicacies,Appam With Chuncy,Veg
Regional Cuisine,Chettinad Delicacies,Appam With Veg Stew,Veg
Regional Cuisine,Chettinad Delicacies,Carrot Thayir Pachadi,Veg
Regional Cuisine,Chettinad Delicacies,Chettinad Baby Corn Masala,Veg
Regional Cuisine,Chettinad Delicacies,Chettinad Mushroom Masala,Veg
Regional Cuisine,Chettinad Delicacies,Chilly Parota,Veg
Regional Cuisine,Chettinad Delicacies,Idiyappam With Veg Stew,Veg
Regional Cuisine,Chettinad Delicacies,Kothu Parota,Veg
Regional Cuisine,Chettinad Delicacies,Kothu Parota With Veg,Veg
Regional Cuisine,Chettinad Delicacies,Mentu Pulao,Veg
Regional Cuisine,Chettinad Delicacies,Parota With Chettiand Mushroom Masala,Veg
Regional Cuisine,Chettinad Delicacies,Puli Paniyaram With Chutney,Veg
Regional Cuisine,Chettinad Delicacies,Veg-Chettinad,Veg
Regional Cuisine,Gujarati Cuisine,Aloo Tomatar Nu Saag,Veg
Regional Cuisine,Gujarati Cuisine,Bhendi Ni Kadhi,Veg
Regional Cuisine,Gujarati Cuisine,Khichadi,Veg
Regional Cuisine,Gujarati Cuisine,Methi Thepla,Veg
Regional Cuisine,Gujarati Cuisine,Mix Veg Pickle,Veg
Regional Cuisine,Gujarati Cuisine,Muthai,Veg
Regional Cuisine,Kashmiri,Brinjal In Yougurt,Veg
Regional Cuisine,Kashmiri,Cauliflower Rogan Josh,Veg
Regional Cuisine,Kashmiri,Dahi Chutney,Veg
Regional Cuisine,Kashmiri,Kashmiri Naan,Veg
Regional Cuisine,Kashmiri,Khajur Imli Ki Chutney,Veg
Regional Cuisine,Kashmiri,Mushrooms Yakhni Pulao,Veg
Regional Cuisine,Kashmiri,Veg Paneer Gulnar,Veg
Regional Cuisine,Kerala Cuisine,Aapam,Veg
Regional Cuisine,Kerala Cuisine,Aviyal,Veg
Regional Cuisine,Kerala Cuisine,Banana Chips,Veg
Regional Cuisine,Kerala Cuisine,Cabbage Carrot Thoran,Veg
Regional Cuisine,Kerala Cuisine,Chakka Biryani,Veg
Regional Cuisine,Kerala Cuisine,Idiaapam,Veg
Regional Cuisine,Kerala Cuisine,Kadala Curry,Veg
Regional Cuisine,Kerala Cuisine,Kalan,Veg
Regional Cuisine,Kerala Cuisine,Kathal Biryani,Veg
Regional Cuisine,Kerala Cuisine,Kerala Parota,Veg
Regional Cuisine,Kerala Cuisine,Thyir Chutney,Veg
Regional Cuisine,Kerala Cuisine,Thyr Chutney,Veg
Regional Cuisine,Lucknow Ka Zaika,Cucumber Raitha,Veg
Regional Cuisine,Lucknow Ka Zaika,Lucknowi Pulao,Veg
Regional Cuisine,Lucknow Ka Zaika,Nargisi Kofta Curry,Veg
Regional Cuisine,Lucknow Ka Zaika,Paneer Kurchan On Tawa,Veg
Regional Cuisine,Lucknow Ka Zaika,Tawa Kulcha,Veg
Regional Cuisine,Lucknow Ka Zaika,Veg Sheek Kabab,Veg
Regional Cuisine,Maharashtrian,Amti (Dalcha Sweet N Sour),Veg
Regional Cuisine,Maharashtrian,Bhakri With Thecha,Veg
Regional Cuisine,Maharashtrian,Kotimeer Wada,Veg
Regional Cuisine,Maharashtrian,Masala Bath Pulao (Veg Pulao),Veg
Regional Cuisine,Maharashtrian,Methi Ki Sabji,Veg
Regional Cuisine,Maharashtrian,Mirchi Nimbu Achaar,Veg
Regional Cuisine,Maharashtrian,Veg Kolhapuri With Phulka,Veg
Regional Cuisine,Punjabi Cuisine,Baigan Bharta,Veg
Regional Cuisine,Punjabi Cuisine,Dal Makhani,Veg
Regional Cuisine,Punjabi Cuisine,Makai Ki Roti,Veg
Regional Cuisine,Punjabi Cuisine,Matter Pulao,Veg
Regional Cuisine,Punjabi Cuisine,Mix Veg Raitha,Veg
Regional Cuisine,Punjabi Cuisine,Mutter Pulao,Veg
Regional Cuisine,Punjabi Cuisine,Paneer Pakora,Veg
Regional Cuisine,Punjabi Cuisine,Sarson Ka Saag,Veg
Regional Cuisine,Rajasthani Cuisine,Aam Aur Chane Ka Achar,Veg
Regional Cuisine,Rajasthani Cuisine,Aloo Raitha,Veg
Regional Cuisine,Rajasthani Cuisine,Dal Batti,Veg
Regional Cuisine,Rajasthani Cuisine,Gate Ka Pulao,Veg
Regional Cuisine,Rajasthani Cuisine,Kanji Wada,Veg
Regional Cuisine,Rajasthani Cuisine,Rajasthani Bhendi,Veg
Regional Cuisine,Rayalaseema Ruchulu,Alasanda Wada,Veg
Regional Cuisine,Rayalaseema Ruchulu,Chitrannam,Veg
Regional Cuisine,Rayalaseema Ruchulu,Dosakai Pappu,Veg
Regional Cuisine,Rayalaseema Ruchulu,Gongura Palli Chutney,Veg
Regional Cuisine,Rayalaseema Ruchulu,Guttivankai Pulusu,Veg
Regional Cuisine,Rayalaseema Ruchulu,Mamidi Vooragaya,Veg
Regional Cuisine,Rayalaseema Ruchulu,Mamidikai Thokku,Veg
Regional Cuisine,Rayalaseema Ruchulu,Orugallu Pachipulusu,Veg
Regional Cuisine,Rayalaseema Ruchulu,Perugu Chutney,Veg
Regional Cuisine,Rayalaseema Ruchulu,Ragi Mudda With Ghee,Veg
Regional Cuisine,Rayalaseema Ruchulu,Salla Charu,Veg
Regional Cuisine,Rayalaseema Ruchulu,Vankai Pacchi Pulusu,Veg
Regional Cuisine,Rayalaseema Ruchulu,Vankai Pacchipulusu,Veg
Regional Cuisine,Rayalaseema Ruchulu,Veg Pulao,Veg
Regional Cuisine,Rayalaseema Ruchulu,Vurlagadda Thalimpu,Veg
Regional Cuisine,Rayalaseema Ruchulu,White Rice,Veg
Regional Cuisine,Taste Of Telangana,Bagar Baingan,Veg
Regional Cuisine,Telangana,Bagara Baingan,Veg
Regional Cuisine,Telangana,Bagara Rice,Veg
Regional Cuisine,Telangana,Dondakai Pakodi Fry,Veg
Regional Cuisine,Telangana,Makka Garelu,Veg
Regional Cuisine,Telangana,Raitha,Veg
Regional Cuisine,Telangana,Sakinalu,Veg
Regional Cuisine,Telangana,Tomato Kura,Veg
Salads,Asian Salads,Kimchee Salad,Veg
Salads,Asian Salads,Thai Papaya Salad,Veg
Salads,Boiled Nuts,American Corn,Veg
Salads,Boiled Nuts,Chick Peas,Veg
Salads,Boiled Nuts,Corn On The Cob,Veg
Salads,Boiled Nuts,Peanuts,Veg
Salads,Boiled Nuts,Rajma,Veg
Salads,Fruit/Nut Salads,Waldorf Salad,Veg
Salads,Green Salads,Garden Spring Green Salad,Veg
Salads,Indian Salads,Aloo Chana Chat,Veg
Salads,Indian Salads,Kosambari,Veg
Salads,Indian Salads,Sprouts,Veg
Salads,Pasta Salads,Italian Pasta With Cilantro,Veg
Salads,Potato Salads,German Potato Salad,Veg
Salads,Vegetable Salads,Broccoli Cauliflower & American Corn Salad,Veg
Salads,Vegetable Salads,Caesar Salad,Veg
Salads,Vegetable Salads,Coleslaw,Veg
Salads,Vegetable Salads,Corn Obrien,Veg
Salads,Vegetable Salads,Mexican Corn On The Cob,Veg
Salads,Vegetable Salads,Pineapple Cheese Salad,Veg
Salads,Vegetable Salads,Russian Salad,Veg
Salads,Vegetable Salads,Tri Beans Salad With Lemon Chilly,Veg
Salads,Yoghurt Based,Cucumber Yoghurt Dill Salad,Veg
Salads,Yoghurt Based,Green Apple Yoghurt Honey,Veg
Snacks,Bandar Bajji Masala,Aratikaya Bhaji Masala,Veg
Snacks,Bandar Bajji Masala,Aratikaya Perugu,Veg
Snacks,Bandar Bajji Masala,Bajji Masala,Veg
Snacks,Bandar Bajji Masala,Bhatani Masala,Veg
Snacks,Bandar Bajji Masala,Boiled Bhatani Masala,Veg
Snacks,Bandar Bajji Masala,Boiled Corn Masala,Veg
Snacks,Bandar Bajji Masala,Boiled Palli Masala,Veg
Snacks,Bandar Bajji Masala,Cornflakes Masala,Veg
Snacks,Bandar Bajji Masala,Gullu Masala,Veg
Snacks,Bandar Bajji Masala,Guttivankaya Masala,Veg
Snacks,Bandar Bajji Masala,Khaju Masala,Veg
Snacks,Bandar Bajji Masala,Marmarala Masala,Veg
Snacks,Bandar Bajji Masala,Mixture Masala,Veg
Snacks,Bandar Bajji Masala,Oil Mixture Masala,Veg
Snacks,Bandar Bajji Masala,Onion Bhaji,Veg
Snacks,Bandar Bajji Masala,Perugu Aratikaya,Veg
Snacks,Bandar Bajji Masala,Perugu Bhaji,Veg
Snacks,Bandar Bajji Masala,Perugu Masala,Veg
Snacks,Bandar Bajji Masala,Perugu Vankaya,Veg
Snacks,Bandar Bajji Masala,Sannapusa Masala,Veg
Snacks,Bandar Bajji Masala,Senagapappu Masala,Veg
Snacks,Bandar Bajji Masala,Tomato Bhaji Masala,Veg
Snacks,Bandar Bajji Masala,Tomato Masala,Veg
Snacks,Bandar Bajji Masala,Undala Masala,Veg
Snacks,Bandar Bajji Masala,Vankaya Bhaji,Veg
Snacks,Boiled Nuts,American Corn,Veg
Snacks,Boiled Nuts,Black Eye Peas,Veg
Snacks,Boiled Nuts,Chick Peas,Veg
Snacks,Boiled Nuts,Peanuts,Veg
Snacks,Boiled Nuts,Rajma,Veg
Snacks,Chat Darbar,Aloo Mutter Chat,Veg
Snacks,Chat Darbar,Aloo Tikki,Veg
Snacks,Chat Darbar,Angoori Dahi Balle,Veg
Snacks,Chat Darbar,Baby Corn Matter,Veg
Snacks,Chat Darbar,Bhel Puri,Veg
Snacks,Chat Darbar,Daal Muradabadi,Veg
Snacks,Chat Darbar,Dahi Puri,Veg
Snacks,Chat Darbar,Dal Chilla,Veg
Snacks,Chat Darbar,Dry Fruit Chat,Veg
Snacks,Chat Darbar,Fruit Chat,Veg
Snacks,Chat Darbar,Kachori Chat,Veg
Snacks,Chat Darbar,Kanji Pakodi,Veg
Snacks,Chat Darbar,Mini Kachori,Veg
Snacks,Chat Darbar,Mutter Patila Kulcha,Veg
Snacks,Chat Darbar,Pani Puri (3 Type Of Water),Veg
Snacks,Chat Darbar,Pav Bhaji,Veg
Snacks,Chat Darbar,Raj Kachori,Veg
Snacks,Chat Darbar,Samosa Chat,Veg
Snacks,Chat Darbar,Shakkarkand Chat,Veg
Snacks,Chat Darbar,Singada Chat,Veg
Snacks,Chat Darbar,Tomato Kachori,Veg
Snacks,Hots (Indian Fried),Aalu Bajji,Veg
Snacks,Hots (Indian Fried),Ajwan Pakodi,Veg
Snacks,Hots (Indian Fried),Bundar Bajji,Veg
Snacks,Hots (Indian Fried),Capsicum Bajji,Veg
Snacks,Hots (Indian Fried),Corn Samosa,Veg
Snacks,Hots (Indian Fried),Gaare,Veg
Snacks,Hots (Indian Fried),Gold Coin,Veg
Snacks,Hots (Indian Fried),Madras Pakodi (Round),Veg
Snacks,Hots (Indian Fried),Makka Garelu,Veg
Snacks,Hots (Indian Fried),Meal Maker Keema Wada,Veg
Snacks,Hots (Indian Fried),Mini Alsanda Wada,Veg
Snacks,Hots (Indian Fried),Mini Perugu Aawada,Veg
Snacks,Hots (Indian Fried),Mixed Veg. Wada,Veg
Snacks,Hots (Indian Fried),Nellore Chitti Gaare,Veg
Snacks,Hots (Indian Fried),Onion Pakodi,Veg
Snacks,Hots (Indian Fried),Palak Roll,Veg
Snacks,Hots (Indian Fried),Paneer Vada,Veg
Snacks,Hots (Indian Fried),Perugu Wada,Veg
Snacks,Hots (Indian Fried),Pesara Garelu,Veg
Snacks,Hots (Indian Fried),Pudina Masala Wada,Veg
Snacks,Hots (Indian Fried),Raw Banana Bajji,Veg
Snacks,Hots (Indian Fried),Shangai Roll,Veg
Snacks,Hots (Indian Fried),Tamalapaku Bajji,Veg
Snacks,Hots (Indian Fried),Vamu Mirchi Bajji,Veg
Snacks,Hots (Indian Fried),Veg Bullet,Veg
Snacks,Hots (Indian Fried),Veg Spring Rolls,Veg
Snacks,Hots (Indian Fried),Veg. Lolly Pop,Veg
Snacks,Hots (Indian Fried),Veg. Roll,Veg
Snacks,Tapas - Hot,Bean Enchiladas,Veg
Snacks,Tapas - Hot,Bean Nachos With Chz Topping,Veg
Snacks,Tapas - Hot,Broccoli Pepperoni Chz Quesadilla,Veg
Snacks,Tapas - Hot,Bruchettes Dell A Casa,Veg
Snacks,Tapas - Hot,Bruchettes Espanols,Veg
Snacks,Tapas - Hot,Bruchettes Fresca,Veg
Snacks,Tapas - Hot,Chat Canapes,Veg
Snacks,Tapas - Hot,Cheese Stuffed Jalapenos,Veg
Snacks,Tapas - Hot,Chocolate Bruchettes,Veg
Snacks,Tapas - Hot,Corn Chips With Salsa Casera Chz Topping,Veg
Snacks,Tapas - Hot,Corn Cottage Cheese Tacos,Veg
Snacks,Tapas - Hot,Dosa Enchiladas,Veg
Snacks,Tapas - Hot,Four Season Veg Enchiladas,Veg
Snacks,Tapas - Hot,Green Apple Tuna Canapes,Veg
Snacks,Tapas - Hot,Herbed Paramesan Crostini,Veg
Snacks,Tapas - Hot,Jalapeno Cheese Balls,Veg
Snacks,Tapas - Hot,Mediterranean Quesadilla,Veg
Snacks,Tapas - Hot,Onion Frittata Canapes,Veg
Snacks,Tapas - Hot,Patatas Bravas,Veg
Snacks,Tapas - Hot,Pommes / French Fries,Veg
Snacks,Tapas - Hot,Potato Cheese Shotz,Veg
Snacks,Tapas - Hot,Potato Croquettes,Veg
Snacks,Tapas - Hot,Roasted Sweet Potatoes,Veg
Snacks,Tapas - Hot,Shrimp N Moze Bruchettes,Veg
Snacks,Tapas - Hot,Soy Mince Cilantro Tacos,Veg
Snacks,Tapas - Hot,Spicy Mushroom Enchiladas,Veg
Snacks,Tapas - Hot,Spicy Potato Wedges,Veg
Snacks,Tapas - Hot,Spinach Chz Enchiladas,Veg
Snacks,Tapas - Hot,Spinach Chz Fatayar,Veg
Snacks,Tapas - Hot,Spinach N Chz Crostini,Veg
Snacks,Tapas - Hot,Tomato Chz Fajitas In Wrap,Veg
Snacks,Tapas - Hot,Tomato Chz Pepperoni Tacos,Veg
Snacks,Tapas - Hot,Veg Chz Quesadilla,Veg
Snacks,Tapas - Hot,Veg Fajitas In Pita Pocket,Veg
Soups,Chinese/Asian,Veg Sweet Corn Soup,Veg
Soups,Chinese/Asian,Veg. Hot & Sour Soup,Veg
Soups,Chinese/Asian,Veg. Man Chow Soup,Veg
Soups,Clear/Other,Lemon Coriander Soup,Veg
Soups,Clear/Other,Minestrone Soup,Veg
Soups,Clear/Other,Mulligatawny,Veg
Soups,Clear/Other,Potato Leaks Soup,Veg
Soups,Clear/Other,Pumpkin Soup,Veg
Soups,Cream Soups,Cream Of Mushroom Soup,Veg
Soups,Cream Soups,Cream Of Tomato Soup,Veg
Soups,Indian Shorbas,Dal Shorba,Veg
Soups,Indian Shorbas,Tomato Dhanya Shorba,Veg
Soups,Soup Selection,Sweet Corn Soup,Veg
Soups,Soup Selection,Veg. Manchow Soup,Veg
Specialty Counter,Bandar Bajji Masala,Aratikaya Bajji Masala,Veg
Specialty Counter,Bandar Bajji Masala,Aratikaya Perugu,Veg
Specialty Counter,Bandar Bajji Masala,Bajji Masala,Veg
Specialty Counter,Bandar Bajji Masala,Bhatani Masala,Veg
Specialty Counter,Bandar Bajji Masala,Boiled Bhatani Masala,Veg
Specialty Counter,Bandar Bajji Masala,Boiled Corn Masala,Veg
Specialty Counter,Bandar Bajji Masala,Boiled Palli Masala,Veg
Specialty Counter,Bandar Bajji Masala,Cornflakes Masala,Veg
Specialty Counter,Bandar Bajji Masala,Gullu Masala,Veg
Specialty Counter,Bandar Bajji Masala,Guttivankaya Masala,Veg
Specialty Counter,Bandar Bajji Masala,Khaju Masala,Veg
Specialty Counter,Bandar Bajji Masala,Marmarala Masala,Veg
Specialty Counter,Bandar Bajji Masala,Mixture Masala,Veg
Specialty Counter,Bandar Bajji Masala,Oil Mixture Masala,Veg
Specialty Counter,Bandar Bajji Masala,Onion Bajji,Veg
Specialty Counter,Bandar Bajji Masala,Perugu Aratikaya,Veg
Specialty Counter,Bandar Bajji Masala,Perugu Bajji,Veg
Specialty Counter,Bandar Bajji Masala,Perugu Masala,Veg
Specialty Counter,Bandar Bajji Masala,Perugu Vankaya,Veg
Specialty Counter,Bandar Bajji Masala,Sannapusa Masala,Veg
Specialty Counter,Bandar Bajji Masala,Senagapappu Masala,Veg
Specialty Counter,Bandar Bajji Masala,Tomato Bajji Masala,Veg
Specialty Counter,Bandar Bajji Masala,Tomato Masala,Veg
Specialty Counter,Bandar Bajji Masala,Undala Masala,Veg
Specialty Counter,Bandar Bajji Masala,Vankaya Bajji,Veg
Specialty Counter,Delhi Chat Station,Aloo Mutter Chat,Veg
Specialty Counter,Delhi Chat Station,Aloo Tikki,Veg
Specialty Counter,Delhi Chat Station,Angoori Dahi Balle,Veg
Specialty Counter,Delhi Chat Station,Baby Corn Matter,Veg
Specialty Counter,Delhi Chat Station,Bhel Puri,Veg
Specialty Counter,Delhi Chat Station,Daal Muradabadi,Veg
Specialty Counter,Delhi Chat Station,Dahi Puri,Veg
Specialty Counter,Delhi Chat Station,Dal Chilla,Veg
Specialty Counter,Delhi Chat Station,Fruit Chat,Veg
Specialty Counter,Delhi Chat Station,Gudia Ke Baal,Veg
Specialty Counter,Delhi Chat Station,Kachori Chat,Veg
Specialty Counter,Delhi Chat Station,Kaniji Pakodi,Veg
Specialty Counter,Delhi Chat Station,Mini Kachori,Veg
Specialty Counter,Delhi Chat Station,Pani Puri 3 Type Of Water,Veg
Specialty Counter,Delhi Chat Station,Raj Kachori,Veg
Specialty Counter,Delhi Chat Station,Samosa Chat,Veg
Specialty Counter,Delhi Chat Station,Shaker Kandi Chat,Veg
Specialty Counter,Delhi Chat Station,Tomato Kachori,Veg
Specialty Counter,Dosa Station,70Mm Dosa,Veg
Specialty Counter,Dosa Station,Carrot Dosa,Veg
Specialty Counter,Dosa Station,Karam Dosa,Veg
Specialty Counter,Dosa Station,Masala Dosa,Veg
Specialty Counter,Dosa Station,Neyya Dosa (Butter Dosa),Veg
Specialty Counter,Dosa Station,Neyya Dosa Butter Dosa,Veg
Specialty Counter,Dosa Station,Onion Dosa,Veg
Specialty Counter,Dosa Station,Paneer Dosa,Veg
Specialty Counter,Dosa Station,Pesarrarttu With Upma,Veg
Specialty Counter,Dosa Station,Plain Dosa,Veg
Specialty Counter,Dosa Station,Ragi Dosa,Veg
Specialty Counter,Dosa Station,Ravva Dosa,Veg
Specialty Counter,Dosa Station - Chutneys,Coconut Chutney,Veg
Specialty Counter,Dosa Station - Chutneys,Green Allam Chutney,Veg
Specialty Counter,Dosa Station - Chutneys,Madaras Onion Sambar,Veg
Specialty Counter,Dosa Station - Chutneys,Nallakaram & Ghee,Veg
Specialty Counter,Dosa Station - Chutneys,Tomato Coriander Chutney,Veg
Specialty Counter,Paan,Pan Sada,Veg
Specialty Counter,Paan,Pan Sweet,Veg
Specialty Counter,Paan,Special Pan,Veg
Sweets,Bengali Sweets,Anar Cake,Veg
Sweets,Bengali Sweets,Badam Pista Bogh,Veg
Sweets,Bengali Sweets,Basundi,Veg
Sweets,Bengali Sweets,Cream Gula,Veg
Sweets,Bengali Sweets,Cream Of Chum Chum,Veg
Sweets,Bengali Sweets,Cream Of Strawberry,Veg
Sweets,Bengali Sweets,Dry Chum Chum,Veg
Sweets,Bengali Sweets,Indra Poori,Veg
Sweets,Bengali Sweets,Litchi Wine,Veg
Sweets,Bengali Sweets,Malai Tikka,Veg
Sweets,Bengali Sweets,Mango Peta,Veg
Sweets,Bengali Sweets,Nava Rang Pan,Veg
Sweets,Bengali Sweets,Pippa,Veg
Sweets,Bengali Sweets,Pista Bogh,Veg
Sweets,Bengali Sweets,Raj Bogh,Veg
Sweets,Bengali Sweets,Rasmalai,Veg
Sweets,Bengali Sweets,Sandwiches,Veg
Sweets,Live Sweets,American Mal Puri,Veg
Sweets,Live Sweets,Baked Rasgulla,Veg
Sweets,Live Sweets,Dry Fruit Honey,Veg
Sweets,Live Sweets,Gajrela,Veg
Sweets,Live Sweets,Gulabi Chat,Veg
Sweets,Live Sweets,Honey Belam Jalebi,Veg
Sweets,Live Sweets,Jeedlu,Veg
Sweets,Live Sweets,Kaju Anjoor Jalebi,Veg
Sweets,Live Sweets,Kesari Jalebi,Veg
Sweets,Live Sweets,Pineapple Jalebi,Veg
Sweets,Live Sweets,Supai Rapsam,Veg
Sweets,Live Sweets,Tawa Mix Sweet,Veg
Sweets,Traditional Sweets,Badam Halwa,Veg
Sweets,Traditional Sweets,Badam Putharekulu (Live),Veg
Sweets,Traditional Sweets,Bread Halwa,Veg
Sweets,Traditional Sweets,Carrot Green Mixed Halwa,Veg
Sweets,Traditional Sweets,Chekkara Pongal,Veg
Sweets,Traditional Sweets,Chitti Areslu With Nuvvlu,Veg
Sweets,Traditional Sweets,Gumadikaya Halwa,Veg
Sweets,Traditional Sweets,Jafrani Pineapple Kesari,Veg
Sweets,Traditional Sweets,Junnu,Veg
Sweets,Traditional Sweets,Kova Bobbattlu,Veg
Sweets,Traditional Sweets,Malai Kaja,Veg
Sweets,Traditional Sweets,Mixed Fruit Halwa,Veg
Sweets,Traditional Sweets,Nethi Bobbattlu,Veg
Sweets,Traditional Sweets,Pala Munjalu,Veg
Sweets,Traditional Sweets,Palathalikalu,Veg
Sweets,Traditional Sweets,Panchratan Halwa,Veg
Sweets,Traditional Sweets,Pineapple Halwa,Veg
Sweets,Traditional Sweets,Poornam,Veg
Sweets,Traditional Sweets,Qhubani Ka Meetha,Veg
Sweets,Traditional Sweets,Ravva Poornam,Veg
Sweets,Traditional Sweets,Semiya Saggubiyam Kesar Payasam,Veg
Sweets,Ultra Sweets,Anjoor Burfy,Veg
Sweets,Ultra Sweets,Anjoor Roll,Veg
Sweets,Ultra Sweets,Badam Burfy,Veg
Sweets,Ultra Sweets,Bombay Halwa,Veg
Sweets,Ultra Sweets,Cashew Burfy,Veg
Sweets,Ultra Sweets,Double Ka Meetha,Veg
Sweets,Ultra Sweets,Dry Fruit Box,Veg
Sweets,Ultra Sweets,Dry Fruit Cone,Veg
Sweets,Ultra Sweets,Dry Fruit Gelory,Veg
Sweets,Ultra Sweets,Dry Fruit Roll,Veg
Sweets,Ultra Sweets,Ghevar,Veg
Sweets,Ultra Sweets,Gulab Jamoon,Veg
Sweets,Ultra Sweets,Gulkan Gelory,Veg
Sweets,Ultra Sweets,Ice Cream Burfy,Veg
Sweets,Ultra Sweets,Kaju Bouquet,Veg
Sweets,Ultra Sweets,Kaju Bullet,Veg
Sweets,Ultra Sweets,Kaju Gulbahar,Veg
Sweets,Ultra Sweets,Kaju Pista Roll,Veg
Sweets,Ultra Sweets,Kargil Roll,Veg
Sweets,Ultra Sweets,Kesar Halwa,Veg
Sweets,Ultra Sweets,Magic Roll,Veg
Sweets,Ultra Sweets,Red Halwa,Veg
Sweets,Ultra Sweets,Shahi Tukara,Veg
Sweets,Ultra Sweets,Tiranga Burfy,Veg
